{"edge_1PA_1PB": {"vacuum": 30.0, "water": 53.0}, "edge_2PA_2PB": {"vacuum": 56.333333333333336, "water": 66.33333333333333}, "edge_3PA_3PB": {"vacuum": 37.0, "water": 41.333333333333336}, "edge_4PA_4PB": {"vacuum": 47.0, "water": 66.0}, "edge_5PA_5PB": {"vacuum": 8.0, "water": 29.0}, "edge_6PA_6PB": {"vacuum": 61.0, "water": 55.0}, "edge_7PA_7PB": {"vacuum": 47.666666666666664, "water": 50.666666666666664}, "edge_1PA_1I0": {"vacuum": 8.0, "water": 16.333333333333332}, "edge_1PA_1I1": {"vacuum": 22.333333333333332, "water": 21.333333333333332}, "edge_1PB_1I0": {"vacuum": 29.333333333333332, "water": 34.0}, "edge_1PB_1I1": {"vacuum": 36.666666666666664, "water": 32.333333333333336}, "edge_3PA_3I0": {"vacuum": 36.666666666666664, "water": 36.666666666666664}, "edge_3PA_3I1": {"vacuum": 18.333333333333332, "water": 38.666666666666664}, "edge_3PB_3I0": {"vacuum": 12.333333333333334, "water": 28.666666666666668}, "edge_3PB_3I1": {"vacuum": 22.0, "water": 46.666666666666664}, "edge_7PA_7I0": {"vacuum": 17.666666666666668, "water": 18.666666666666668}, "edge_7PB_7I0": {"vacuum": 33.0, "water": 39.666666666666664}, "edge_2PA_2I0": {"vacuum": 45.333333333333336, "water": 23.0}, "edge_2PA_2I1": {"vacuum": 19.666666666666668, "water": 42.333333333333336}, "edge_2PB_2I0": {"vacuum": 44.333333333333336, "water": 46.333333333333336}, "edge_2PB_2I1": {"vacuum": 12.333333333333334, "water": 27.333333333333332}, "edge_4PA_4I0": {"vacuum": 26.0, "water": 28.666666666666668}, "edge_4PA_4I1": {"vacuum": 36.333333333333336, "water": 37.333333333333336}, "edge_4PB_4I0": {"vacuum": 28.666666666666668, "water": 27.333333333333332}, "edge_5PA_5I0": {"vacuum": 8.0, "water": 16.333333333333332}, "edge_5PA_5I1": {"vacuum": 8.666666666666666, "water": 24.333333333333332}, "edge_5PB_5I0": {"vacuum": 6.0, "water": 22.333333333333332}, "edge_5PB_5I1": {"vacuum": 17.333333333333332, "water": 37.666666666666664}, "edge_6PA_6I0": {"vacuum": 29.666666666666668, "water": 27.0}, "edge_6PA_6I1": {"vacuum": 37.0, "water": 54.0}, "edge_6PB_6I0": {"vacuum": 42.0, "water": 50.0}, "edge_6PB_6I1": {"vacuum": 33.0, "water": 43.333333333333336}, "edge_4PA_4I2": {"vacuum": 23.333333333333332, "water": 39.333333333333336}, "edge_4PB_4I2": {"vacuum": 38.666666666666664, "water": 33.333333333333336}}