{"edge_1PA_1PB": {"vacuum": 12.027745701779143, "water": 15.641824275533422}, "edge_2PA_2PB": {"vacuum": 13.816254517375139, "water": 12.256517540566824}, "edge_3PA_3PB": {"vacuum": 12.96148139681572, "water": 6.342099196813483}, "edge_4PA_4PB": {"vacuum": 19.86621923433512, "water": 12.727922061357855}, "edge_5PA_5PB": {"vacuum": 2.8284271247461903, "water": 8.286535263104035}, "edge_6PA_6PB": {"vacuum": 19.79898987322333, "water": 15.253414918196734}, "edge_7PA_7PB": {"vacuum": 20.401524997465806, "water": 17.441967269268172}, "edge_1PA_1I0": {"vacuum": 2.943920288775949, "water": 9.877021593352701}, "edge_1PA_1I1": {"vacuum": 0.4714045207910317, "water": 13.474255287605157}, "edge_1PB_1I0": {"vacuum": 6.128258770283411, "water": 5.887840577551898}, "edge_1PB_1I1": {"vacuum": 4.4969125210773475, "water": 13.59738536958076}, "edge_3PA_3I0": {"vacuum": 5.436502143433364, "water": 7.760297817881877}, "edge_3PA_3I1": {"vacuum": 7.71722460186015, "water": 8.219218670625303}, "edge_3PB_3I0": {"vacuum": 7.039570693980959, "water": 4.642796092394706}, "edge_3PB_3I1": {"vacuum": 9.201449161228174, "water": 7.408703590297623}, "edge_7PA_7I0": {"vacuum": 6.847546194724712, "water": 2.6246692913372702}, "edge_7PB_7I0": {"vacuum": 7.788880963698615, "water": 12.283683848458853}, "edge_2PA_2I0": {"vacuum": 3.6817870057290873, "water": 7.788880963698615}, "edge_2PA_2I1": {"vacuum": 7.039570693980958, "water": 23.22833518691246}, "edge_2PB_2I0": {"vacuum": 1.8856180831641267, "water": 21.853044537445015}, "edge_2PB_2I1": {"vacuum": 11.08552609887726, "water": 10.96458946893235}, "edge_4PA_4I0": {"vacuum": 9.092121131323903, "water": 8.498365855987975}, "edge_4PA_4I1": {"vacuum": 6.342099196813483, "water": 8.806563209081938}, "edge_4PB_4I0": {"vacuum": 10.370899457402697, "water": 12.498888839501783}, "edge_5PA_5I0": {"vacuum": 2.160246899469287, "water": 10.656244908763854}, "edge_5PA_5I1": {"vacuum": 8.178562764256865, "water": 6.018490028422596}, "edge_5PB_5I0": {"vacuum": 5.0990195135927845, "water": 16.21384867602041}, "edge_5PB_5I1": {"vacuum": 8.259674462242579, "water": 14.055445761538676}, "edge_6PA_6I0": {"vacuum": 11.32352516764202, "water": 13.880441875771343}, "edge_6PA_6I1": {"vacuum": 7.874007874011811, "water": 15.297058540778355}, "edge_6PB_6I0": {"vacuum": 23.62202362203543, "water": 18.708286933869708}, "edge_6PB_6I1": {"vacuum": 6.48074069840786, "water": 9.46337971105226}, "edge_4PA_4I2": {"vacuum": 9.285592184789413, "water": 2.8674417556808756}, "edge_4PB_4I2": {"vacuum": 10.873004286866726, "water": 11.585431464655176}}