{"edge_1PA_1PB": -1.6235348087151493, "edge_2PA_2PB": -2.581551399252138, "edge_3PA_3PB": -3.9800145475708852, "edge_4PA_4PB": -2.1116571062716636, "edge_5PA_5PB": 1.3053581991943775, "edge_6PA_6PB": -1.699982530444565, "edge_7PA_7PB": 2.3867203047894985, "edge_1PA_1I0": -0.8915566908131805, "edge_1PA_1I1": -1.176869977301548, "edge_1PB_1I0": 0.9614009359668156, "edge_1PB_1I1": 0.6603121189809751, "edge_3PA_3I0": 0.22473151345787734, "edge_3PA_3I1": -3.311554907419449, "edge_3PB_3I0": 3.4613565080829467, "edge_3PB_3I1": -0.3456604643115755, "edge_7PA_7I0": 0.1598277221549207, "edge_7PB_7I0": -1.527920315066225, "edge_2PA_2I0": 0.4292263454142571, "edge_2PA_2I1": -3.1857819899986803, "edge_2PB_2I0": 2.464125401689543, "edge_2PB_2I1": -0.8047379120093368, "edge_4PA_4I0": -2.0028100304766667, "edge_4PA_4I1": -2.6083427724158557, "edge_4PB_4I0": -0.2778797122555421, "edge_5PA_5I0": 3.2767352408847454, "edge_5PA_5I1": -1.8769383650640874, "edge_5PB_5I0": 1.801581378954836, "edge_5PB_5I1": -3.2483555189713176, "edge_6PA_6I0": 0.19746065796416623, "edge_6PA_6I1": -2.924248080770214, "edge_6PB_6I0": 2.0511294981452757, "edge_6PB_6I1": -1.2103089594598515, "edge_4PA_4I2": -0.07974630348889278, "edge_4PB_4I2": 1.8542739154146917}