{"edge_1PA_1PB": 0.15116321748564315, "edge_2PA_2PB": 0.3753894693535041, "edge_3PA_3PB": 0.6453476014178436, "edge_4PA_4PB": 0.24620355009262254, "edge_5PA_5PB": 0.05085929100812336, "edge_6PA_6PB": 0.21874408242210044, "edge_7PA_7PB": 0.31562182528678395, "edge_1PA_1I0": 0.08266320377471653, "edge_1PA_1I1": 0.07591144562741879, "edge_1PB_1I0": 0.10271840895355352, "edge_1PB_1I1": 0.1525034999278501, "edge_3PA_3I0": 0.08943238919440517, "edge_3PA_3I1": 0.12321675670269643, "edge_3PB_3I0": 0.04209092728407991, "edge_3PB_3I1": 0.26056400955538767, "edge_7PA_7I0": 0.07189360646167496, "edge_7PB_7I0": 0.0968964009064635, "edge_2PA_2I0": 0.12481155031768877, "edge_2PA_2I1": 0.2651930398418967, "edge_2PB_2I0": 0.05573075933974427, "edge_2PB_2I1": 0.1322480700105571, "edge_4PA_4I0": 0.23112344542267732, "edge_4PA_4I1": 0.3611599145192234, "edge_4PB_4I0": 0.46091659260534784, "edge_5PA_5I0": 0.04548099230940811, "edge_5PA_5I1": 0.037061990857095335, "edge_5PB_5I0": 0.023458822881093203, "edge_5PB_5I1": 0.04095503569981391, "edge_6PA_6I0": 0.10542751017775959, "edge_6PA_6I1": 0.24438570904195772, "edge_6PB_6I0": 0.27161206803429017, "edge_6PB_6I1": 0.22057022950344315, "edge_4PA_4I2": 0.22327984019451677, "edge_4PB_4I2": 0.22180351326338646}