{"edge_1PA_1I0": -0.921099799600479, "edge_1PA_1I1": -1.3175445613353371, "edge_1PB_1I0": 0.8464821455457954, "edge_1PB_1I1": 0.5510713687462099, "edge_3PA_3I0": 0.2984247367678563, "edge_3PA_3I1": -3.32736233863422, "edge_3PB_3I0": 3.41119372184108, "edge_3PB_3I1": -0.2242999882059058, "edge_7PA_7I0": 0.27205133050083363, "edge_7PB_7I0": -1.5564571406096308, "edge_2PA_2I0": 0.4221791554404426, "edge_2PA_2I1": -3.241246568855744, "edge_2PB_2I0": 2.555714175844904, "edge_2PB_2I1": -0.786310695480589, "edge_4PA_4I0": -2.1095118348171518, "edge_4PA_4I1": -2.5017360948562612, "edge_4PB_4I0": -0.36186214251564053, "edge_5PA_5I0": 3.3283145323493457, "edge_5PA_5I1": -1.9275253816379, "edge_5PB_5I0": 1.8419800030643998, "edge_5PB_5I1": -3.2608009646937033, "edge_6PA_6I0": 0.3764439508899944, "edge_6PA_6I1": -3.100029213545051, "edge_6PB_6I0": 2.0513372520393283, "edge_6PB_6I1": -1.082877344817092, "edge_4PA_4I2": -0.02655605057839594, "edge_4PB_4I2": 1.8691466262826406}