{"edge_1PA_1PB": -1.6067273514810054, "edge_2PA_2PB": -2.5547490005181697, "edge_3PA_3PB": -3.9897504555463605, "edge_4PA_4PB": -2.0871566862163027, "edge_5PA_5PB": 1.4066673085754822, "edge_6PA_6PB": -1.7183671294792333, "edge_7PA_7PB": 2.4063136819084217, "edge_1PA_1I0": -0.9198609215727114, "edge_1PA_1I1": -1.2544955535436415, "edge_1PB_1I0": 0.8796691368498466, "edge_1PB_1I1": 0.6359003084357187, "edge_3PA_3I0": 0.1782258895587212, "edge_3PA_3I1": -3.3239245502159562, "edge_3PB_3I0": 3.5028351296780045, "edge_3PB_3I1": -0.2728411619742648, "edge_7PA_7I0": 0.28471476320714917, "edge_7PB_7I0": -1.5450185806405041, "edge_2PA_2I0": 0.36742416460556093, "edge_2PA_2I1": -3.21801532826875, "edge_2PB_2I0": 2.4449296752651453, "edge_2PB_2I1": -0.7325440384826063, "edge_4PA_4I0": -2.0673010011703656, "edge_4PA_4I1": -2.493450487884313, "edge_4PB_4I0": -0.2843124881602854, "edge_5PA_5I0": 3.3474531550191458, "edge_5PA_5I1": -1.9217899791413284, "edge_5PB_5I0": 1.8712363460026218, "edge_5PB_5I1": -3.301693729277189, "edge_6PA_6I0": 0.21513371260436287, "edge_6PA_6I1": -2.946232136389968, "edge_6PB_6I0": 2.038742904700893, "edge_6PB_6I1": -1.2700903968298043, "edge_4PA_4I2": -0.05532233010177734, "edge_4PB_4I2": 1.8672909590363638}