{"edge_1PA_1I0": 0.05847460362427493, "edge_1PA_1I1": 0.1322638078722557, "edge_1PB_1I0": 0.08945314626944906, "edge_1PB_1I1": 0.2038543253994178, "edge_3PA_3I0": 0.18366705604165123, "edge_3PA_3I1": 0.21134021089874455, "edge_3PB_3I0": 0.11123531814962413, "edge_3PB_3I1": 0.33932595690588957, "edge_7PA_7I0": 0.13003228822734422, "edge_7PB_7I0": 0.16700121095118264, "edge_2PA_2I0": 0.11128707423363568, "edge_2PA_2I1": 0.33787373756031447, "edge_2PB_2I0": 0.19207534966464307, "edge_2PB_2I1": 0.18676379556894152, "edge_4PA_4I0": 0.2499479767079244, "edge_4PA_4I1": 0.26291140647174566, "edge_4PB_4I0": 0.6172558166679528, "edge_5PA_5I0": 0.08060992043760686, "edge_5PA_5I1": 0.10531104974928876, "edge_5PB_5I0": 0.04466416654254984, "edge_5PB_5I1": 0.11319924771564632, "edge_6PA_6I0": 0.11582160894115973, "edge_6PA_6I1": 0.40644929075264924, "edge_6PB_6I0": 0.3419497493138815, "edge_6PB_6I1": 0.14852422736656207, "edge_4PA_4I2": 0.18990961656956526, "edge_4PB_4I2": 0.27666285618131875}