{"edge_1PA_1PB": 0.15660796767348292, "edge_2PA_2PB": 0.3646693805191285, "edge_3PA_3PB": 0.6677870954267409, "edge_4PA_4PB": 0.32616124449439277, "edge_5PA_5PB": 0.057671617343910686, "edge_6PA_6PB": 0.27281441809118434, "edge_7PA_7PB": 0.3368490477982322, "edge_1PA_1I0": 0.06416021660989756, "edge_1PA_1I1": 0.14224733460281164, "edge_1PB_1I0": 0.08684341628568729, "edge_1PB_1I1": 0.19618681376780378, "edge_3PA_3I0": 0.15665225982622627, "edge_3PA_3I1": 0.22564112220880392, "edge_3PB_3I0": 0.12095443600191977, "edge_3PB_3I1": 0.27200976372928576, "edge_7PA_7I0": 0.12624938544926306, "edge_7PB_7I0": 0.08895356697056718, "edge_2PA_2I0": 0.10017662181697617, "edge_2PA_2I1": 0.28201821279837375, "edge_2PB_2I0": 0.110574388808445, "edge_2PB_2I1": 0.15529943876638017, "edge_4PA_4I0": 0.245398004282679, "edge_4PA_4I1": 0.3076924769795758, "edge_4PB_4I0": 0.6541970483520766, "edge_5PA_5I0": 0.08199430955863607, "edge_5PA_5I1": 0.07678707671407159, "edge_5PB_5I0": 0.08816017846157582, "edge_5PB_5I1": 0.08696146452200312, "edge_6PA_6I0": 0.13535172519523134, "edge_6PA_6I1": 0.3182247772016117, "edge_6PB_6I0": 0.28093530523359805, "edge_6PB_6I1": 0.1711652928585176, "edge_4PA_4I2": 0.22278406842941936, "edge_4PB_4I2": 0.23112051228765707}